request_id,customer_id,request_time,pickup_x,pickup_y,dropoff_x,dropoff_y,pickup_tile,dropoff_tile
1622023120,1622023120,0,-73.981743,40.719158,-73.938828,40.829182,3533,4135
1257821704,1257821704,36,-73.985085,40.747166,-73.958038,40.717491,3733,3534
74911111,74911111,44,-73.965279,40.801041,-73.947479,40.815170,4034,4035
1323839608,1323839608,57,-73.982292,40.751331,-73.991341,40.750340,3733,3733
1115236733,1115236733,63,-73.970108,40.759800,-73.989357,40.742989,3734,3733
1176539729,1176539729,76,-73.984993,40.773891,-73.936493,40.847771,3833,4235
2010309970,2010309970,80,-73.973335,40.764072,-73.974854,40.761734,3834,3834
1268037928,1268037928,90,-73.993103,40.752632,-73.953903,40.816540,3733,4034
441511265,441511265,109,-73.985443,40.735710,-73.957489,40.811611,3633,4034
1173147560,1173147560,148,-73.993736,40.741760,-74.004669,40.745468,3733,3733
1783931341,1783931341,165,-73.976860,40.683376,-73.983643,40.688866,3434,3433
451095578,451095578,194,-74.006439,40.739475,-73.967201,40.769188,3633,3834
887104062,887104062,198,-73.969788,40.757584,-73.951576,40.759445,3734,3734
659675360,659675360,265,-73.993973,40.740868,-73.988556,40.764782,3733,3833
1181656297,1181656297,280,-73.964951,40.791321,-73.966019,40.799690,3934,3934
65229115,65229115,290,-73.959511,40.762810,-73.968391,40.770519,3834,3834
893428339,893428339,291,-73.962738,40.775566,-73.927994,40.864761,3834,4335
1484056060,1484056060,301,-73.990257,40.737034,-73.928085,40.757893,3633,3735
360643894,360643894,318,-73.990135,40.748852,-73.956535,40.775665,3733,3834
512960598,512960598,322,-74.005318,40.728661,-73.997162,40.720631,3633,3633
1022157068,1022157068,347,-73.969566,40.788765,-73.957085,40.770683,3934,3834
1246097927,1246097927,355,-73.935799,40.707310,-73.933060,40.709480,3535,3535
1410392143,1410392143,365,-73.979225,40.756199,-74.002213,40.733742,3734,3633
1105123636,1105123636,367,-73.994957,40.745121,-73.954659,40.778782,3733,3834
968995838,968995838,390,-73.990463,40.751007,-73.992767,40.725357,3733,3633
1775186377,1775186377,399,-74.001587,40.727291,-73.928925,40.708183,3633,3535
363828705,363828705,402,-73.982155,40.731163,-73.988113,40.720001,3633,3633
300991167,300991167,407,-73.986435,40.745697,-73.974197,40.737072,3733,3634
1252342593,1252342593,409,-73.985092,40.737167,-73.998878,40.849480,3633,4233
2087268137,2087268137,410,-73.953644,40.775261,-73.979088,40.761784,3834,3834
1321830663,1321830663,425,-73.978523,40.789101,-73.946381,40.776901,3934,3835
1995314627,1995314627,430,-73.982262,40.751591,-73.985146,40.738720,3733,3633
2130650305,2130650305,432,-73.989647,40.719090,-73.983398,40.735718,3533,3633
287226618,287226618,437,-73.977501,40.763996,-73.977341,40.784573,3834,3934
295357101,295357101,449,-73.972221,40.676830,-74.024834,40.636162,3334,3132
526933286,526933286,450,-73.986267,40.732769,-73.960983,40.760990,3633,3834
2136893666,2136893666,455,-73.988312,40.723186,-73.942604,40.716156,3633,3535
245593382,245593382,470,-73.976120,40.749081,-74.007446,40.726452,3734,3633
1762526318,1762526318,472,-73.992188,40.734520,-73.991173,40.765491,3633,3833
381668782,381668782,474,-73.873039,40.774105,-73.988998,40.734818,3837,3633
578547399,578547399,478,-73.982407,40.731487,-73.979034,40.736012,3633,3634
1115586782,1115586782,492,-73.987762,40.750374,-74.004219,40.742420,3733,3733
1122124876,1122124876,500,-73.993202,40.762829,-73.985466,40.768772,3833,3833
2007174934,2007174934,501,-73.994316,40.759941,-73.978371,40.782940,3733,3934
730082907,730082907,503,-73.993286,40.722263,-73.986259,40.731091,3633,3633
152583102,152583102,509,-73.981544,40.758999,-73.970718,40.760654,3733,3834
234301049,234301049,510,-74.003647,40.734184,-74.000732,40.730724,3633,3633
822690823,822690823,512,-73.972900,40.786774,-73.947624,40.834915,3934,4135
1562571784,1562571784,515,-73.973152,40.780029,-73.968323,40.790661,3934,3934
657030099,657030099,516,-73.971870,40.758404,-73.967918,40.757870,3734,3734
1621966007,1621966007,524,-73.980484,40.783463,-73.953323,40.776718,3933,3834
1855364594,1855364594,524,-73.971596,40.766167,-73.968010,40.752632,3834,3734
1486372012,1486372012,526,-73.984360,40.748985,-73.996284,40.716057,3733,3533
661438609,661438609,532,-73.984383,40.737049,-73.985336,40.746281,3633,3733
1552389481,1552389481,538,-73.992531,40.683559,-73.963554,40.651417,3433,3234
1989571263,1989571263,539,-74.007019,40.725739,-73.956657,40.748520,3633,3734
1469860333,1469860333,548,-73.924126,40.769825,-73.977623,40.749672,3835,3734
58968336,58968336,559,-73.980927,40.741962,-73.921745,40.743294,3733,3735
873115832,873115832,559,-73.976311,40.785835,-73.971550,40.787891,3934,3934
1685096535,1685096535,578,-73.988571,40.758755,-73.864708,40.834286,3733,4137
672868337,672868337,608,-73.988815,40.721508,-74.004433,40.707062,3633,3533
2073555332,2073555332,608,-74.006500,40.739677,-74.006874,40.744091,3633,3733
1912401627,1912401627,609,-73.973717,40.748009,-73.978531,40.744980,3734,3734
1987186021,1987186021,630,-73.985550,40.738529,-73.988823,40.748482,3633,3733
2139762270,2139762270,636,-73.948631,40.784939,-73.971367,40.745289,3935,3734
818098447,818098447,649,-73.935295,40.698029,-73.949615,40.715576,3435,3535
739815863,739815863,660,-73.988922,40.736656,-73.981384,40.741253,3633,3733
426920205,426920205,665,-74.000298,40.728760,-73.981110,40.744701,3633,3733
2091901081,2091901081,676,-73.986275,40.747307,-73.994659,40.769325,3733,3833
1562122861,1562122861,679,-73.972717,40.764854,-73.911446,40.776573,3834,3836
801096780,801096780,684,-73.973373,40.787029,-73.981483,40.784088,3934,3933
741548500,741548500,689,-73.960022,40.798046,-73.940033,40.801338,3934,4035
1472849279,1472849279,691,-73.980896,40.729656,-73.976257,40.723434,3633,3634
292487712,292487712,692,-74.002045,40.747662,-74.005356,40.711262,3733,3533
825531166,825531166,699,-73.951324,40.825195,-73.934311,40.845318,4134,4235
826601775,826601775,703,-74.000839,40.731827,-73.985321,40.732407,3633,3633
374235872,374235872,706,-73.988182,40.733639,-73.994370,40.719486,3633,3533
1031189257,1031189257,715,-73.989326,40.719013,-73.995148,40.666100,3533,3333
2065133104,2065133104,717,-73.989677,40.752716,-73.995262,40.717628,3733,3533
1465847604,1465847604,718,-73.872963,40.774059,-73.999306,40.739342,3837,3633
1325718395,1325718395,745,-73.992744,40.740978,-73.988411,40.733635,3733,3633
1253911845,1253911845,754,-73.993263,40.752300,-73.995750,40.733036,3733,3633
662714869,662714869,756,-74.012573,40.702431,-73.991188,40.765442,3532,3833
1177592134,1177592134,778,-73.984161,40.737431,-73.962639,40.766701,3633,3834
1700021846,1700021846,782,-73.975266,40.761517,-73.958305,40.766987,3834,3834
1050973418,1050973418,784,-73.890495,40.746685,-73.868294,40.752346,3736,3737
1559943548,1559943548,785,-73.992378,40.724983,-73.975754,40.779575,3633,3834
1710187022,1710187022,786,-73.992081,40.750252,-73.972565,40.746601,3733,3734
739232549,739232549,791,-73.976364,40.775494,-73.996063,40.723522,3834,3633
1048724929,1048724929,800,-73.982742,40.777447,-73.922081,40.766167,3833,3835
972365368,972365368,801,-73.998703,40.729576,-73.978462,40.728775,3633,3634
1704443325,1704443325,805,-73.991989,40.725613,-73.994110,40.751236,3633,3733
140048222,140048222,822,-73.964226,40.802479,-73.940620,40.829552,4034,4135
438676988,438676988,832,-73.994194,40.745560,-73.981422,40.778580,3733,3833
1712901190,1712901190,836,-73.977837,40.763653,-73.994675,40.716682,3834,3533
1559858005,1559858005,847,-74.007988,40.740227,-73.981308,40.745415,3733,3733
892773939,892773939,855,-73.951897,40.804218,-73.979271,40.775108,4034,3834
1046351309,1046351309,869,-73.996674,40.757839,-74.014442,40.708241,3733,3532
1994538486,1994538486,873,-73.983147,40.742764,-73.991623,40.744724,3733,3733
1872997057,1872997057,874,-73.984703,40.686920,-73.983528,40.695900,3433,3433
506528247,506528247,886,-73.977379,40.758839,-73.983582,40.738441,3734,3633
143591698,143591698,889,-73.970512,40.796650,-73.949234,40.807468,3934,4035
1757150952,1757150952,889,-73.976936,40.759914,-73.981522,40.751778,3734,3733
1643582893,1643582893,895,-73.962219,40.776176,-73.958588,40.780807,3834,3934
367509026,367509026,906,-73.990379,40.761528,-73.990494,40.761356,3833,3833
2096414689,2096414689,915,-73.985329,40.741989,-73.927597,40.865540,3733,4335
806179809,806179809,918,-73.995033,40.769772,-73.999077,40.740036,3833,3733
74962984,74962984,928,-73.993065,40.738129,-73.992851,40.745140,3633,3733
1784034700,1784034700,930,-74.007751,40.745289,-73.995102,40.756207,3733,3733
1243486726,1243486726,952,-73.982307,40.735271,-73.966400,40.799526,3633,3934
1839087231,1839087231,956,-74.006721,40.744228,-74.008080,40.704567,3733,3533
1633256990,1633256990,963,-73.984421,40.749786,-74.007034,40.706753,3733,3533
294297594,294297594,976,-73.963913,40.776707,-73.935577,40.850246,3834,4235
1784782582,1784782582,988,-73.990593,40.746128,-73.951561,40.825138,3733,4134
515469091,515469091,1003,-73.996460,40.742756,-73.991562,40.727032,3733,3633
424568489,424568489,1007,-73.976830,40.758923,-73.950066,40.780037,3734,3934
1172623546,1172623546,1007,-73.972214,40.765297,-73.977005,40.759064,3834,3734
289027286,289027286,1016,-73.976730,40.682846,-73.956100,40.775459,3434,3834
149225772,149225772,1018,-73.968330,40.770802,-74.003868,40.741940,3834,3733
1048736032,1048736032,1025,-73.975410,40.760811,-73.981934,40.752136,3834,3733
746855388,746855388,1047,-74.005173,40.703060,-73.993690,40.720940,3533,3633
458080487,458080487,1048,-73.960800,40.772221,-73.981644,40.746964,3834,3733
8169827,8169827,1053,-73.950096,40.801590,-73.943115,40.787510,4034,3935
514951457,514951457,1058,-73.948669,40.782055,-74.004578,40.722912,3935,3633
948850046,948850046,1070,-73.974968,40.777721,-73.973885,40.757427,3834,3734
583423846,583423846,1071,-74.008614,40.719677,-73.939041,40.843510,3533,4235
1476484479,1476484479,1081,-74.005669,40.738007,-73.964661,40.792587,3633,3934
1767797715,1767797715,1085,-73.995132,40.769489,-73.975327,40.786079,3833,3934
809174859,809174859,1094,-73.994583,40.718987,-73.992409,40.753590,3533,3733
497553969,497553969,1099,-74.005890,40.740147,-73.994720,40.750378,3733,3733
1866115101,1866115101,1100,-73.994972,40.755177,-73.992691,40.748394,3733,3733
1624007136,1624007136,1124,-73.975578,40.786911,-73.942429,40.834591,3934,4135
1868432884,1868432884,1128,-73.990570,40.761276,-73.995842,40.764172,3833,3833
72888237,72888237,1131,-74.002151,40.729572,-73.999168,40.743893,3633,3733
1183283613,1183283613,1141,-73.978134,40.729359,-73.954033,40.784412,3634,3934
1261662924,1261662924,1141,-73.991737,40.754379,-73.995834,40.755096,3733,3733
1187746124,1187746124,1146,-73.953850,40.771000,-73.977730,40.779095,3834,3834
78028774,78028774,1149,-73.998032,40.719765,-73.994041,40.695473,3533,3433
2072394619,2072394619,1151,-73.983429,40.747890,-73.979507,40.783718,3733,3934
730031160,730031160,1154,-74.005600,40.740490,-73.967728,40.792889,3733,3934
2135783896,2135783896,1158,-73.967422,40.788208,-73.971176,40.795792,3934,3934
2078809321,2078809321,1160,-74.008522,40.745358,-73.948471,40.784939,3733,3935
1848085525,1848085525,1180,-73.967438,40.755512,-73.928574,40.764812,3734,3835
1561537458,1561537458,1181,-73.975433,40.787014,-73.970367,40.793896,3934,3934
1527506871,1527506871,1191,-73.963043,40.798779,-73.947502,40.815060,3934,4035
216438798,216438798,1195,-73.916000,40.746349,-73.885536,40.755482,3736,3737
801131398,801131398,1198,-73.971710,40.759434,-73.958107,40.781883,3734,3934
1185491449,1185491449,1211,-73.999245,40.727646,-74.005905,40.727093,3633,3633
734373124,734373124,1212,-73.984886,40.736214,-73.988159,40.737690,3633,3633
1033852198,1033852198,1217,-73.947273,40.775841,-73.984772,40.728130,3835,3633
145407077,145407077,1219,-74.004051,40.747375,-74.003387,40.750652,3733,3733
1719316418,1719316418,1224,-73.994987,40.755177,-73.996780,40.720829,3733,3633
1050052544,1050052544,1232,-73.986275,40.747372,-73.980408,40.733639,3733,3633
1241844210,1241844210,1237,-74.007370,40.743122,-74.000641,40.720516,3733,3633
1192788117,1192788117,1242,-73.983284,40.766815,-73.983917,40.766998,3833,3833
716923935,716923935,1256,-73.972954,40.764458,-73.928009,40.763176,3834,3835
299105005,299105005,1258,-74.006340,40.716732,-73.996948,40.742996,3533,3733
796669410,796669410,1262,-73.975822,40.776283,-73.979683,40.786404,3834,3934
1128085773,1128085773,1270,-73.988358,40.734550,-73.993629,40.687103,3633,3433
962718859,962718859,1273,-73.988182,40.734558,-73.946960,40.714260,3633,3535
748722421,748722421,1274,-73.965828,40.754326,-73.954567,40.767185,3734,3834
1403205848,1403205848,1284,-73.988548,40.774975,-73.978287,40.783169,3833,3934
833845864,833845864,1298,-73.948448,40.782295,-73.949615,40.770931,3935,3835
1839053439,1839053439,1300,-73.943291,40.836475,-73.925041,40.744133,4135,3735
1628641202,1628641202,1312,-73.988701,40.731159,-73.950317,40.780571,3633,3934
2093425040,2093425040,1319,-73.776749,40.645969,-73.960487,40.767979,3240,3834
139461509,139461509,1320,-73.953117,40.780865,-73.950180,40.778900,3934,3834
1920909801,1920909801,1322,-73.972557,40.780857,-73.962936,40.793949,3934,3934
1338171306,1338171306,1335,-73.980843,40.729851,-73.976486,40.762112,3633,3834
229718855,229718855,1340,-73.958832,40.783772,-73.991409,40.731922,3934,3633
1918195682,1918195682,1340,-73.994102,40.761639,-73.987862,40.768688,3833,3833
1638218974,1638218974,1342,-73.980469,40.753635,-73.965538,40.805706,3733,4034
1766211565,1766211565,1355,-73.995445,40.721630,-73.965378,40.755047,3633,3734
218823653,218823653,1358,-73.994652,40.755974,-73.987503,40.732819,3733,3633
1396841848,1396841848,1358,-73.966484,40.756279,-73.980164,40.789787,3734,3933
1769323247,1769323247,1359,-73.990051,40.771332,-73.989922,40.762100,3833,3833
895055433,895055433,1363,-74.004700,40.734032,-73.979942,40.734879,3633,3634
535229777,535229777,1364,-73.997124,40.722309,-73.980431,40.777222,3633,3833
2069737784,2069737784,1371,-73.998253,40.740398,-74.007324,40.705185,3733,3533
825686011,825686011,1373,-73.956696,40.767147,-73.980576,40.749241,3834,3733
1980234520,1980234520,1395,-73.999146,40.734299,-73.992851,40.752926,3633,3733
1851265331,1851265331,1396,-73.976463,40.790878,-73.940292,40.833000,3934,4135
382624101,382624101,1397,-73.986153,40.726311,-73.999908,40.734573,3633,3633
1997582234,1997582234,1406,-73.942223,40.701962,-73.997780,40.740391,3535,3733
683609066,683609066,1411,-73.962624,40.775696,-73.978828,40.766621,3834,3834
1998183226,1998183226,1412,-73.967079,40.772861,-73.917107,40.879738,3834,4336
1705968331,1705968331,1414,-73.968262,40.770557,-74.012428,40.704300,3834,3532
1790415868,1790415868,1414,-74.000320,40.728710,-73.996483,40.720390,3633,3633
1768890838,1768890838,1424,-73.987251,40.765881,-73.994080,40.761478,3833,3833
145235517,145235517,1430,-73.994125,40.751064,-73.963646,40.757290,3733,3734
1803387506,1803387506,1445,-73.978119,40.783493,-73.957916,40.774635,3934,3834
1419366949,1419366949,1446,-73.969818,40.757088,-73.950523,40.772228,3734,3834
378749346,378749346,1447,-73.988312,40.734596,-73.943581,40.693794,3633,3435
1620776069,1620776069,1463,-73.982788,40.777279,-73.976059,40.760262,3833,3834
537189194,537189194,1470,-73.986893,40.736610,-73.967773,40.768749,3633,3834
1318836964,1318836964,1477,-73.972878,40.764355,-73.983147,40.731537,3834,3633
1791349052,1791349052,1480,-73.992760,40.737289,-74.003754,40.715527,3633,3533
1716533521,1716533521,1482,-73.977089,40.784580,-73.953651,40.806969,3934,4034
2028203,2028203,1499,-73.989929,40.733051,-73.988503,40.724098,3633,3633
1328729761,1328729761,1509,-73.961601,40.779789,-73.968140,40.766975,3834,3834
891025066,891025066,1513,-73.922668,40.743851,-73.925896,40.744190,3735,3735
1037979117,1037979117,1517,-74.008987,40.706764,-73.992409,40.681889,3533,3433
1928970455,1928970455,1519,-74.003677,40.747532,-73.996674,40.719051,3733,3533
1044419264,1044419264,1524,-73.983856,40.729443,-73.985634,40.732697,3633,3633
1475460612,1475460612,1525,-73.992798,40.758450,-74.014259,40.714062,3733,3532
1192856505,1192856505,1528,-73.981766,40.752468,-73.986870,40.744312,3733,3733
1696560719,1696560719,1537,-73.976723,40.764648,-73.984924,40.742493,3834,3733
1708128528,1708128528,1537,-73.981506,40.741451,-74.004433,40.723991,3733,3633
1099938694,1099938694,1544,-73.998512,40.742813,-73.980766,40.729851,3733,3633
1932253485,1932253485,1552,-73.981110,40.741592,-73.986137,40.732838,3733,3633
2062799077,2062799077,1553,-73.983719,40.780910,-73.969711,40.798721,3933,3934
1186007781,1186007781,1555,-74.004364,40.730751,-73.982040,40.783131,3633,3933
445823440,445823440,1561,-73.998863,40.744659,-73.998367,40.750092,3733,3733
880206448,880206448,1573,-73.990875,40.744358,-73.989220,40.599152,3733,2933
582278674,582278674,1583,-73.985558,40.730816,-73.936287,40.754494,3633,3735
376592728,376592728,1588,-73.990509,40.751369,-73.981071,40.744701,3733,3733
70329567,70329567,1590,-73.962852,40.769470,-73.953857,40.775349,3834,3834
3382309,3382309,1595,-74.005142,40.740768,-73.958748,40.809818,3733,4034
1042102264,1042102264,1609,-73.996597,40.763290,-73.991562,40.750259,3833,3733
1626324256,1626324256,1611,-74.000175,40.727158,-73.983841,40.743557,3633,3733
1702252908,1702252908,1612,-73.995636,40.727066,-73.977760,40.751064,3633,3734
2142458307,2142458307,1628,-73.991631,40.731701,-73.994987,40.760151,3633,3833
150996168,150996168,1638,-73.938408,40.721500,-73.950546,40.783260,3635,3934
1788479275,1788479275,1652,-73.949463,40.772869,-73.976990,40.750622,3835,3734
524372910,524372910,1660,-73.965828,40.790222,-73.950424,40.778973,3934,3834
294281217,294281217,1670,-73.981506,40.780464,-73.987450,40.751343,3933,3733
2081368906,2081368906,1671,-73.999489,40.738689,-74.009270,40.737968,3633,3633
440873989,440873989,1672,-73.994720,40.725010,-73.981468,40.778568,3633,3833
1564301619,1564301619,1678,-73.983803,40.780830,-73.963593,40.765888,3933,3834
1205429623,1205429623,1689,-73.964920,40.775646,-73.955795,40.776257,3834,3834
657098348,657098348,1704,-73.982140,40.769150,-73.969414,40.798752,3833,3934
1771002214,1771002214,1709,-74.004517,40.742237,-74.007324,40.705208,3733,3533
982512780,982512780,1712,-73.927650,40.866619,-73.915894,40.871941,4335,4336
424619842,424619842,1721,-73.958992,40.774632,-73.876045,40.756241,3834,3737
1929004911,1929004911,1722,-73.955719,40.776360,-73.949287,40.781689,3834,3935
883540553,883540553,1741,-73.974655,40.755753,-73.977013,40.750488,3734,3734
953708680,953708680,1744,-74.007500,40.740955,-73.978210,40.745628,3733,3734
1922657279,1922657279,1754,-73.963844,40.761379,-73.967323,40.713253,3834,3534
1484556275,1484556275,1758,-74.004349,40.742409,-74.005966,40.739899,3733,3633
1917092068,1917092068,1766,-73.987762,40.743057,-73.859215,40.719898,3733,3538
1120135104,1120135104,1768,-73.991272,40.732960,-73.980949,40.720749,3633,3633
1092951346,1092951346,1787,-74.000504,40.732445,-73.969620,40.763481,3633,3834
1487924234,1487924234,1788,-73.973824,40.743229,-73.955673,40.771938,3734,3834
1399192200,1399192200,1790,-73.960518,40.761444,-73.977760,40.729370,3834,3634
1263961968,1263961968,1799,-73.954735,40.763718,-73.975632,40.748837,3834,3734
2075889365,2075889365,1800,-73.946167,40.750908,-73.946167,40.750908,3735,3735
1489154905,1489154905,1801,-73.959457,40.767456,-73.982025,40.740330,3834,3733
1327949582,1327949582,1809,-73.985825,40.727753,-73.954857,40.728706,3633,3634
1983281444,1983281444,1809,-73.990868,40.745167,-73.977638,40.784027,3733,3934
435825932,435825932,1815,-73.965492,40.771622,-73.914162,40.777954,3834,3836
52655420,52655420,1817,-73.927917,40.692951,-73.952133,40.694988,3435,3434
1030545294,1030545294,1829,-73.988815,40.750072,-73.989067,40.750080,3733,3733
76607199,76607199,1837,-74.008087,40.714741,-73.956070,40.720402,3533,3634
1502592488,1502592488,1849,-73.987068,40.747437,-73.984558,40.726528,3733,3633
2010080312,2010080312,1850,-73.982178,40.727909,-74.003357,40.733543,3633,3633
539403747,539403747,1854,-73.998634,40.740299,-73.991165,40.731392,3733,3633
736921,736921,1880,-73.999741,40.714611,-73.956184,40.687096,3533,3434
1548100264,1548100264,1880,-73.953583,40.775375,-73.958939,40.761562,3834,3834
1125683370,1125683370,1891,-74.004448,40.742222,-73.949181,40.790852,3733,3935
603810014,603810014,1892,-73.957863,40.769493,-73.960159,40.764481,3834,3834
526950443,526950443,1897,-73.981117,40.759216,-73.946472,40.780502,3733,3935
1409753682,1409753682,1898,-73.980751,40.760590,-73.923767,40.774727,3833,3835
424603462,424603462,1900,-73.948792,40.828506,-73.934624,40.845600,4135,4235
2085262002,2085262002,1922,-73.956970,40.780781,-73.978104,40.783039,3934,3934
386791487,386791487,1926,-73.993690,40.702579,-73.960228,40.710339,3533,3534
147604077,147604077,1929,-73.976471,40.751297,-73.982918,40.669270,3734,3333
1551194390,1551194390,1929,-73.996613,40.731995,-73.980843,40.747723,3633,3733
1712901885,1712901885,1932,-73.989983,40.739964,-73.987709,40.719948,3633,3533
1027280050,1027280050,1935,-73.988098,40.740959,-73.987343,40.729061,3733,3633
962262410,962262410,1950,-73.990875,40.774902,-73.976570,40.759445,3833,3734
734338721,734338721,1965,-73.983025,40.739250,-73.958702,40.773232,3633,3834
2069594566,2069594566,1966,-73.967613,40.752228,-73.962585,40.758675,3734,3734
1239302178,1239302178,1967,-74.001869,40.739506,-74.003967,40.747986,3633,3733
1252290021,1252290021,1980,-74.002777,40.760277,-73.989861,40.763725,3833,3833
1099938301,1099938301,1986,-73.776711,40.645561,-73.904022,40.851582,3240,4236
224722493,224722493,1992,-73.983276,40.730362,-73.944580,40.827324,3633,4135
1979597105,1979597105,2002,-73.991371,40.716938,-73.985474,40.720478,3533,3633
1931218682,1931218682,2012,-73.999908,40.734509,-73.987724,40.769573,3633,3833
903376459,903376459,2015,-74.007980,40.740208,-73.988922,40.765083,3733,3833
1762561027,1762561027,2018,-73.982117,40.778706,-73.991783,40.768017,3833,3833
2070255288,2070255288,2027,-73.982201,40.768211,-73.970215,40.753799,3833,3734
1612818817,1612818817,2033,-73.939827,40.707706,-73.952515,40.776726,3535,3834
805438899,805438899,2047,-73.960670,40.761551,-73.981079,40.750351,3834,3733
1737965,1737965,2051,-73.975761,40.786240,-73.953590,40.776924,3934,3834
730911788,730911788,2056,-73.956879,40.777882,-73.983650,40.734009,3834,3633
1046385109,1046385109,2057,-74.000381,40.742687,-73.943062,40.814156,3733,4035
834593354,834593354,2062,-73.967216,40.756901,-73.991806,40.767860,3734,3833
527381284,527381284,2066,-73.982475,40.772991,-74.009033,40.730625,3833,3633
1571460881,1571460881,2072,-73.994606,40.697937,-73.976791,40.688042,3433,3434
1760416687,1760416687,2072,-73.957695,40.714470,-73.965736,40.687565,3534,3434
589092634,589092634,2083,-73.973122,40.795219,-73.970779,40.788605,3934,3934
525099261,525099261,2087,-73.987968,40.723164,-73.948662,40.773926,3633,3835
513289777,513289777,2091,-73.992149,40.717644,-73.948189,40.707047,3533,3535
730360179,730360179,2103,-73.983681,40.750031,-73.980850,40.743504,3733,3733
1712537693,1712537693,2115,-73.954247,40.781082,-73.990776,40.745750,3934,3733
90698705,90698705,2123,-74.002136,40.737759,-73.999947,40.734821,3633,3633
727577419,727577419,2129,-73.959839,40.762562,-74.005280,40.740150,3834,3733
1252232915,1252232915,2129,-74.001831,40.730293,-73.979210,40.693577,3633,3434
880171071,880171071,2131,-73.969101,40.763409,-73.933487,40.768909,3834,3835
1540580558,1540580558,2134,-73.974564,40.791012,-73.967834,40.801128,3934,4034
1928850606,1928850606,2135,-74.002487,40.739632,-73.977242,40.750751,3633,3734
149437362,149437362,2136,-73.986473,40.736248,-73.980835,40.734646,3633,3633
378505577,378505577,2140,-74.009560,40.738064,-73.983231,40.730415,3633,3633
377885760,377885760,2143,-73.962273,40.766434,-73.947639,40.781109,3834,3935
131833307,131833307,2156,-74.002625,40.749645,-73.996414,40.723751,3733,3633
521799300,521799300,2156,-73.948441,40.778069,-73.996353,40.760948,3835,3833
1201744546,1201744546,2168,-73.981918,40.746281,-73.986275,40.737637,3733,3633
2129080391,2129080391,2170,-73.972786,40.785782,-73.961647,40.776913,3934,3834
1022197454,1022197454,2181,-74.015869,40.705036,-74.008545,40.719627,3532,3533
1317996291,1317996291,2184,-73.971970,40.744709,-73.860779,40.734680,3734,3637
1779056066,1779056066,2194,-73.998718,40.750149,-73.952408,40.733997,3733,3634
1714855247,1714855247,2206,-73.960884,40.772263,-73.957405,40.779396,3834,3834
2013264376,2013264376,2216,-73.984161,40.721710,-73.972076,40.749706,3633,3734
745198193,745198193,2235,-73.992424,40.745304,-73.980957,40.744587,3733,3733
1925078018,1925078018,2235,-73.997833,40.727470,-73.948257,40.784100,3633,3935
723582146,723582146,2241,-73.927658,40.752075,-73.881538,40.763931,3735,3837
209246450,209246450,2242,-73.939880,40.708130,-73.966377,40.712139,3535,3534
1048252535,1048252535,2258,-73.987511,40.720039,-73.994614,40.719231,3633,3533
429185055,429185055,2261,-73.982887,40.731998,-74.005203,40.717411,3633,3533
1538643969,1538643969,2268,-73.988350,40.722988,-73.945076,40.775150,3633,3835
946429837,946429837,2273,-73.967468,40.756355,-73.978584,40.744873,3734,3734
815987459,815987459,2276,-74.000153,40.738720,-73.996109,40.753792,3633,3733
2095690813,2095690813,2276,-73.994972,40.765163,-74.000404,40.728848,3833,3633
1127534466,1127534466,2280,-73.990562,40.719353,-74.002068,40.750858,3533,3733
962872213,962872213,2284,-73.948509,40.753986,-73.929359,40.758526,3735,3735
453464848,453464848,2286,-74.010017,40.705727,-73.982452,40.671574,3532,3333
1626133266,1626133266,2295,-74.004501,40.742134,-73.997780,40.756271,3733,3733
212098025,212098025,2302,-73.963356,40.776810,-73.977425,40.779339,3834,3834
681844062,681844062,2312,-73.963669,40.768303,-73.948418,40.706772,3834,3535
1246080375,1246080375,2323,-73.979706,40.747177,-73.970612,40.752712,3734,3734
1995351298,1995351298,2331,-73.997238,40.721924,-73.978325,40.762440,3633,3834
430984500,430984500,2334,-73.981766,40.778278,-73.991013,40.751266,3833,3733
1774025345,1774025345,2338,-73.953377,40.775597,-73.943993,40.838142,3834,4135
1797160400,1797160400,2343,-73.969337,40.753986,-73.951637,40.769695,3734,3834
954243666,954243666,2350,-73.935913,40.763699,-73.816978,40.702732,3835,3539
1323389203,1323389203,2358,-73.983398,40.725960,-74.000580,40.738789,3633,3633
1139171913,1139171913,2367,-73.982803,40.739182,-73.981438,40.768429,3633,3833
1330857483,1330857483,2369,-73.980316,40.748497,-73.965515,40.755058,3733,3734
1418538334,1418538334,2370,-73.955597,40.785126,-73.960411,40.772732,3934,3834
1473281164,1473281164,2373,-73.938065,40.803577,-73.949142,40.781578,4035,3935
2146557578,2146557578,2377,-74.013474,40.707691,-73.951012,40.778561,3532,3834
2097990654,2097990654,2382,-73.988686,40.697529,-73.985214,40.728413,3433,3633
1412386926,1412386926,2384,-73.972153,40.791527,-73.936279,40.809662,3934,4035
667614930,667614930,2395,-73.952415,40.808361,-73.952873,40.826069,4034,4134
1255227533,1255227533,2402,-73.971367,40.752499,-73.981895,40.736637,3734,3633
1398202685,1398202685,2408,-73.983292,40.756180,-73.962593,40.799210,3733,3934
1652989798,1652989798,2414,-73.964394,40.776150,-73.987022,40.764301,3834,3833
2142631264,2142631264,2414,-73.985474,40.744312,-74.015007,40.709599,3733,3532
951131668,951131668,2416,-73.776642,40.645401,-73.792847,40.761570,3240,3840
1407228979,1407228979,2423,-73.981544,40.783787,-73.971863,40.797100,3933,3934
297501309,297501309,2435,-73.983681,40.783905,-73.974915,40.752945,3933,3734
887173230,887173230,2435,-73.991501,40.731758,-74.003174,40.723995,3633,3633
208849147,208849147,2452,-73.968391,40.801842,-73.973824,40.787170,4034,3934
1492376298,1492376298,2454,-73.958229,40.810734,-73.949669,40.774586,4034,3835
670984145,670984145,2457,-74.002945,40.739250,-74.001549,40.751724,3633,3733
1415255398,1415255398,2460,-73.819862,40.767376,-73.955666,40.769283,3839,3834
1106422293,1106422293,2462,-73.992073,40.725475,-73.956322,40.813515,3633,4034
295322382,295322382,2467,-73.982254,40.776791,-73.980965,40.734741,3833,3633
534366051,534366051,2468,-74.000778,40.737228,-73.982513,40.745380,3633,3733
806789602,806789602,2471,-73.975403,40.787701,-73.946022,40.780491,3934,3935
243362583,243362583,2480,-73.959251,40.771755,-73.965775,40.771191,3834,3834
2009682871,2009682871,2493,-73.985306,40.773701,-73.965683,40.798721,3833,3934
79458646,79458646,2494,-73.984100,40.724667,-74.018005,40.709167,3633,3532
450124407,450124407,2494,-73.959167,40.771629,-73.953209,40.782841,3834,3934
1636125851,1636125851,2498,-73.985802,40.752338,-73.989105,40.752121,3733,3733
814723380,814723380,2510,-73.987190,40.765949,-73.965332,40.791916,3833,3934
980230110,980230110,2510,-73.972969,40.758877,-73.963577,40.765652,3734,3834
369255423,369255423,2512,-73.987617,40.728748,-73.948418,40.778233,3633,3835
1187790455,1187790455,2516,-73.988586,40.745152,-73.973320,40.784481,3733,3934
1980838136,1980838136,2524,-73.984840,40.745193,-74.000206,40.748112,3733,3733
1559943936,1559943936,2526,-73.946754,40.776318,-73.953903,40.779675,3835,3834
1571996367,1571996367,2526,-73.977699,40.751690,-73.991013,40.750530,3734,3733
1340334121,1340334121,2528,-73.994507,40.745964,-73.994728,40.745567,3733,3733
1037382223,1037382223,2529,-73.978912,40.756062,-73.955841,40.784859,3734,3934
731917325,731917325,2530,-74.006447,40.739510,-74.013313,40.703602,3633,3532
530531771,530531771,2537,-73.947731,40.784523,-73.958977,40.768993,3935,3834
154711727,154711727,2540,-73.979744,40.783653,-73.936310,40.856106,3934,4235
2142113306,2142113306,2540,-73.982491,40.777332,-73.975693,40.792049,3833,3934
140826195,140826195,2561,-73.991371,40.735119,-73.999619,40.763020,3633,3833
1024496762,1024496762,2569,-73.962921,40.794109,-73.936279,40.803036,3934,4035
813808274,813808274,2586,-73.949974,40.785576,-73.982468,40.771549,3935,3833
1613185501,1613185501,2586,-73.946960,40.772022,-73.961411,40.767361,3835,3834
1624714231,1624714231,2586,-73.982895,40.739635,-73.987869,40.732475,3633,3633
1332001432,1332001432,2606,-73.994644,40.760090,-73.971420,40.797550,3833,3934
609030465,609030465,2612,-73.994270,40.681179,-73.959587,40.686760,3433,3434
716975031,716975031,2613,-73.949715,40.777851,-73.989075,40.763199,3835,3833
1339075538,1339075538,2613,-73.988457,40.731541,-73.979103,40.789513,3633,3934
1116951068,1116951068,2614,-73.949501,40.772823,-73.961548,40.761135,3835,3834
1646625141,1646625141,2617,-73.985916,40.742039,-73.982643,40.727421,3733,3633
1701419620,1701419620,2625,-73.991539,40.750061,-73.997993,40.739552,3733,3633
1095580360,1095580360,2629,-74.009438,40.706390,-74.011192,40.713421,3533,3532
887691170,887691170,2633,-74.006447,40.739231,-74.004715,40.716442,3633,3533
1321711325,1321711325,2640,-73.998726,40.744793,-73.901711,40.908154,3733,4536
938455677,938455677,2655,-73.978203,40.741604,-73.990990,40.733929,3734,3633
526984505,526984505,2660,-74.001190,40.746563,-73.958321,40.772717,3733,3834
737988680,737988680,2665,-73.951088,40.775051,-73.967285,40.756721,3834,3734
1477674118,1477674118,2669,-73.984238,40.769886,-73.958710,40.761524,3833,3834
1028969465,1028969465,2671,-74.007790,40.715008,-73.989670,40.729862,3533,3633
1029252788,1029252788,2678,-73.955368,40.782425,-73.949203,40.777164,3934,3835
7583239,7583239,2679,-73.953377,40.780151,-74.010223,40.704792,3934,3532
434564784,434564784,2703,-73.936172,40.749863,-73.931389,40.765705,3735,3835
1025463450,1025463450,2710,-73.993752,40.761940,-73.993240,40.736500,3833,3633
295287931,295287931,2714,-73.985748,40.731140,-73.996147,40.720047,3633,3633
1934381316,1934381316,2725,-74.007179,40.705505,-73.987076,40.720581,3533,3633
1702332213,1702332213,2732,-73.942268,40.812305,-73.944740,40.799889,4035,3935
1477897849,1477897849,2735,-73.956802,40.771042,-73.958374,40.765495,3834,3834
812526905,812526905,2739,-73.995872,40.743950,-73.973045,40.744335,3733,3734
1856399834,1856399834,2740,-74.005188,40.719242,-73.989990,40.729382,3533,3633
1764309429,1764309429,2760,-73.959641,40.717999,-73.994110,40.661716,3534,3333
2081444919,2081444919,2768,-73.969048,40.753994,-73.995979,40.732403,3734,3633
69932264,69932264,2769,-73.958450,40.800358,-73.989441,40.736301,4034,3633
803344602,803344602,2771,-73.963699,40.768612,-73.977913,40.757561,3834,3734
1776944876,1776944876,2774,-73.972633,40.749821,-73.950401,40.776554,3734,3834
530853064,530853064,2775,-73.987442,40.775867,-73.978012,40.764442,3833,3834
885322350,885322350,2777,-73.950218,40.775391,-73.947395,40.796478,3834,3935
510093213,510093213,2780,-73.993668,40.735744,-73.985291,40.732353,3633,3633
726398439,726398439,2780,-73.983505,40.725979,-73.957161,40.722553,3633,3634
1909864737,1909864737,2780,-73.983788,40.755051,-73.926140,40.765659,3733,3835
817386068,817386068,2783,-73.999557,40.731113,-74.008858,40.708794,3633,3533
442828132,442828132,2791,-73.970551,40.756783,-73.971306,40.757576,3734,3734
1192406759,1192406759,2791,-73.996269,40.759171,-73.985085,40.763577,3733,3833
1357557,1357557,2815,-73.983559,40.743801,-73.984161,40.743244,3733,3733
2139090274,2139090274,2820,-73.978409,40.758537,-73.951714,40.769623,3734,3834
1905622251,1905622251,2822,-73.977295,40.789654,-73.979927,40.784119,3934,3934
1463013492,1463013492,2833,-73.984779,40.779781,-73.998718,40.739777,3833,3633
953863134,953863134,2841,-73.989517,40.762920,-73.998878,40.760361,3833,3833
1416296789,1416296789,2844,-73.984550,40.769653,-73.992020,40.763824,3833,3833
386723107,386723107,2850,-73.988350,40.731522,-73.972237,40.750771,3633,3734
965000584,965000584,2850,-73.967445,40.766167,-73.957428,40.779930,3834,3834
2142424905,2142424905,2857,-73.994492,40.769154,-73.974815,40.792953,3833,3934
1852213590,1852213590,2871,-73.989799,40.767441,-74.005692,40.745502,3833,3733
594818175,594818175,2874,-73.988609,40.718765,-73.906548,40.768883,3533,3836
2007382773,2007382773,2880,-73.975922,40.748878,-73.951279,40.797829,3734,3934
804569521,804569521,2881,-74.004250,40.712929,-73.989632,40.760601,3533,3833
518923751,518923751,2887,-73.951363,40.770271,-73.911034,40.766048,3834,3836
1230690343,1230690343,2887,-73.995018,40.755119,-74.003807,40.722359,3733,3633
1327938052,1327938052,2901,-73.969894,40.756935,-73.960861,40.777988,3734,3834
442587148,442587148,2909,-73.965919,40.754261,-73.991280,40.744663,3734,3733
521350301,521350301,2916,-73.918625,40.767593,-73.956779,40.686749,3836,3434
1391856501,1391856501,2927,-73.985214,40.778770,-73.988686,40.774971,3833,3833
527295345,527295345,2928,-73.957001,40.770706,-73.978630,40.766708,3834,3834
827567412,827567412,2929,-74.009300,40.738113,-73.998718,40.733212,3633,3633
1553562386,1553562386,2929,-73.984962,40.736328,-73.952499,40.781052,3633,3934
1041422776,1041422776,2931,-73.986740,40.762436,-73.940483,40.805908,3833,4035
437453029,437453029,2953,-73.962311,40.810429,-73.961868,40.795601,4034,3934
1334157396,1334157396,2959,-73.984703,40.732239,-73.999031,40.744522,3633,3733
1692445204,1692445204,2965,-74.000198,40.728634,-73.969116,40.757912,3633,3734
1024929302,1024929302,2969,-74.009399,40.714779,-74.016296,40.706181,3533,3532
1195075368,1195075368,2978,-73.991333,40.739254,-73.994041,40.720585,3633,3633
154417161,154417161,2983,-73.978241,40.778229,-73.972260,40.793221,3834,3934
453721984,453721984,2990,-73.985321,40.744492,-73.990379,40.750996,3733,3733
1843986644,1843986644,2992,-73.959915,40.798347,-73.964195,40.792439,3934,3934
1092313934,1092313934,2996,-73.986481,40.766716,-73.951241,40.770870,3833,3834
793714735,793714735,3031,-73.992683,40.715126,-73.958687,40.764153,3533,3834
2006170575,2006170575,3033,-73.986259,40.718094,-73.996956,40.714958,3533,3533
1338689251,1338689251,3038,-73.923088,40.706638,-73.934914,40.685768,3535,3435
2082788466,2082788466,3042,-73.993317,40.741596,-73.988632,40.748802,3733,3733
1642238900,1642238900,3043,-73.987694,40.721680,-74.005692,40.740181,3633,3733
92912344,92912344,3059,-73.976707,40.765297,-73.932053,40.769371,3834,3835
1046580725,1046580725,3062,-73.988579,40.769020,-73.969940,40.796982,3833,3934
1114288257,1114288257,3068,-73.981552,40.755268,-73.979820,40.765766,3733,3834
1485165043,1485165043,3070,-73.986488,40.749062,-73.977943,40.741894,3733,3734
1642238901,1642238901,3071,-73.988892,40.744682,-73.972488,40.674236,3733,3334
578944172,578944172,3083,-73.980560,40.742344,-73.950745,40.776661,3733,3834
827659407,827659407,3102,-73.945892,40.827641,-73.965538,40.678371,4135,3334
1022595411,1022595411,3107,-73.979004,40.719685,-74.003983,40.740482,3534,3733
1470275405,1470275405,3110,-73.983757,40.766071,-73.948639,40.804119,3833,4035
1563003873,1563003873,3112,-73.990211,40.732521,-73.983879,40.731865,3633,3633
1112557331,1112557331,3113,-73.969170,40.761909,-73.992500,40.718830,3834,3533
17782402,17782402,3114,-74.005516,40.745853,-73.996025,40.734493,3733,3633
1334055008,1334055008,3120,-73.972069,40.756901,-73.896660,40.705799,3734,3536
832947953,832947953,3126,-73.950554,40.771385,-73.972397,40.749481,3834,3734
1629716563,1629716563,3126,-73.955742,40.768250,-73.943764,40.788601,3834,3935
1055049205,1055049205,3129,-73.973175,40.758087,-73.992081,40.749329,3734,3733
1925405586,1925405586,3133,-73.980263,40.785599,-73.958534,40.765522,3933,3834
2071773452,2071773452,3136,-73.978333,40.666843,-73.945854,40.819561,3334,4035
1409943672,1409943672,3150,-73.987053,40.733318,-73.953659,40.799610,3633,3934
1551458161,1551458161,3158,-73.986221,40.730747,-73.996124,40.732513,3633,3633
731590888,731590888,3174,-73.978699,40.724026,-73.979958,40.743103,3634,3734
738558494,738558494,3179,-73.995781,40.724579,-73.985855,40.739155,3633,3633
1780166401,1780166401,3180,-73.979393,40.765388,-74.008659,40.714481,3834,3533
803310675,803310675,3185,-73.986977,40.766331,-73.997505,40.761288,3833,3833
1921616508,1921616508,3190,-73.948906,40.711029,-73.955902,40.682316,3535,3434
587488275,587488275,3193,-73.980026,40.726849,-74.003120,40.749378,3633,3733
1692737319,1692737319,3198,-73.961517,40.764408,-73.970741,40.751961,3834,3734
75951886,75951886,3202,-73.959610,40.781338,-73.951538,40.826851,3934,4134
963252216,963252216,3202,-73.977272,40.788651,-73.937416,40.815159,3934,4035
1177779931,1177779931,3208,-73.937241,40.797783,-73.934364,40.797455,3935,3935
1637201607,1637201607,3217,-73.925217,40.755417,-73.916412,40.764500,3735,3836
804610417,804610417,3219,-73.961578,40.795986,-73.989502,40.762554,3934,3833
968472272,968472272,3229,-73.967987,40.788120,-73.999168,40.741562,3934,3733
1117054300,1117054300,3236,-73.985222,40.713600,-73.980377,40.744308,3533,3733
1349894033,1349894033,3247,-73.963638,40.710800,-73.991669,40.722210,3534,3633
1332673951,1332673951,3263,-73.956970,40.762611,-73.939735,40.827663,3834,4135
5887545,5887545,3267,-73.958458,40.800812,-73.958908,40.810162,4034,4034
1031518304,1031518304,3269,-74.001266,40.717541,-73.979301,40.754662,3533,3734
1917713364,1917713364,3272,-73.957703,40.766819,-73.964401,40.763908,3834,3834
2068284245,2068284245,3274,-74.008034,40.740238,-74.013680,40.710331,3733,3532
1130333472,1130333472,3288,-73.995338,40.744083,-73.985451,40.769039,3733,3833
1769614578,1769614578,3290,-73.955612,40.772411,-73.973846,40.750763,3834,3734
83283092,83283092,3297,-73.988091,40.737652,-73.991951,40.749237,3633,3733
1537832858,1537832858,3300,-73.994965,40.750145,-73.989815,40.714142,3733,3533
1336234978,1336234978,3304,-73.998390,40.745293,-73.995995,40.758842,3733,3733
1115374715,1115374715,3305,-73.992203,40.749931,-73.953476,40.710682,3733,3534
1391941785,1391941785,3305,-73.984154,40.754841,-73.979172,40.746269,3733,3734
1568988180,1568988180,3312,-73.981781,40.766251,-73.948593,40.745331,3833,3735
8773533,8773533,3314,-73.814758,40.813999,-73.972549,40.746124,4039,3734
1912198503,1912198503,3324,-73.987961,40.749886,-73.998398,40.760651,3733,3833
301888723,301888723,3334,-73.964211,40.802601,-73.936493,40.840351,4034,4235
1396442933,1396442933,3340,-73.952103,40.773602,-73.957733,40.768375,3834,3834
1750751841,1750751841,3349,-73.969734,40.753277,-73.990005,40.737755,3734,3633
1038054477,1038054477,3350,-73.990067,40.738190,-73.988762,40.731480,3633,3633
1989313079,1989313079,3360,-73.952766,40.776470,-73.960487,40.769623,3834,3834
825600852,825600852,3373,-74.000725,40.762150,-73.955734,40.784882,3833,3934
606007409,606007409,3384,-73.988457,40.764717,-74.003448,40.743496,3833,3733
86134406,86134406,3392,-74.004173,40.742725,-74.005394,40.739780,3733,3633
1626450788,1626450788,3392,-73.984985,40.751347,-73.995758,40.759640,3733,3733
1336584200,1336584200,3409,-73.973549,40.782860,-73.950256,40.771278,3934,3834
83731483,83731483,3412,-74.002052,40.724556,-73.933762,40.766403,3633,3835
1626513928,1626513928,3415,-73.984352,40.743061,-73.988243,40.734669,3733,3633
2002387688,2002387688,3416,-73.948273,40.782555,-73.929146,40.702667,3935,3535
607386114,607386114,3418,-74.008202,40.704441,-73.956581,40.747696,3533,3734
224773588,224773588,3437,-73.953346,40.728165,-73.954025,40.685780,3634,3434
1020052850,1020052850,3438,-74.003380,40.735779,-73.997978,40.744926,3633,3733
455627257,455627257,3439,-73.981598,40.732712,-73.984634,40.726463,3633,3633
743485093,743485093,3447,-73.990013,40.746639,-73.985039,40.732441,3733,3633
147725292,147725292,3456,-73.957947,40.769493,-73.986351,40.720791,3834,3633
433301100,433301100,3461,-73.994080,40.740978,-73.961449,40.796112,3733,3934
143297095,143297095,3463,-74.316406,40.529366,-74.316406,40.529366,2622,2622
1115035303,1115035303,3463,-73.967461,40.756001,-73.976540,40.751865,3734,3734
225085473,225085473,3464,-73.913033,40.774471,-73.921066,40.767330,3836,3835
608910601,608910601,3465,-73.984222,40.740269,-74.005508,40.739449,3733,3633
361874293,361874293,3483,-73.963676,40.718536,-73.983727,40.729858,3534,3633
1629243901,1629243901,3519,-74.000076,40.725468,-74.001854,40.730404,3633,3633
1535964384,1535964384,3521,-73.932510,40.703190,-73.955078,40.722321,3535,3634
656648782,656648782,3526,-73.993240,40.733440,-73.988762,40.777748,3633,3833
756473630,756473630,3529,-73.991493,40.750175,-73.994637,40.719543,3733,3533
2065104184,2065104184,3546,-73.982422,40.757404,-73.914459,40.638847,3733,3136
2066380272,2066380272,3553,-74.001038,40.729259,-73.989677,40.731800,3633,3633
1933448956,1933448956,3555,-73.946167,40.792198,-73.972992,40.789398,3935,3934
533074072,533074072,3560,-73.980972,40.747204,-73.977997,40.763302,3733,3834
1476172815,1476172815,3560,-73.955795,40.714138,-73.985138,40.747738,3534,3733
677141314,677141314,3565,-73.921753,40.767090,-73.933899,40.773075,3835,3835
963994172,963994172,3568,-73.973381,40.755070,-73.980560,40.745152,3734,3733
1473856380,1473856380,3570,-73.998947,40.754719,-73.996857,40.752518,3733,3733
530548413,530548413,3571,-73.984169,40.746033,-73.978569,40.752743,3733,3734
1919960538,1919960538,3590,-73.979118,40.744316,-73.969910,40.753902,3734,3734
1911746403,1911746403,3592,-73.926643,40.694271,-73.981499,40.685558,3435,3433
684161197,684161197,3595,-73.978767,40.755188,-73.955093,40.786003,3734,3934
1630974703,1630974703,3597,-74.017090,40.709030,-74.008614,40.716042,3532,3533
754133939,754133939,3601,-74.003616,40.738586,-73.994446,40.750736,3633,3733
967972919,967972919,3606,-74.012901,40.702179,-73.980858,40.733879,3532,3633
1423057177,1423057177,3615,-73.980156,40.783882,-73.982399,40.774696,3933,3833
2085244837,2085244837,3620,-73.960579,40.691551,-73.909622,40.697521,3434,3436
1934122125,1934122125,3621,-73.952019,40.777649,-73.919296,40.835339,3834,4136
1020346359,1020346359,3635,-73.985268,40.727718,-73.991043,40.765831,3633,3833
147361783,147361783,3641,-74.005669,40.727070,-73.983597,40.731758,3633,3633
10694655,10694655,3643,-74.005493,40.715328,-73.992973,40.725430,3533,3633
73532592,73532592,3643,-73.973557,40.752419,-73.979774,40.754677,3734,3734
821916574,821916574,3657,-73.980232,40.754253,-73.955803,40.768166,3733,3834
2083599834,2083599834,3660,-73.974831,40.752953,-73.954575,40.708076,3734,3534
1531605090,1531605090,3673,-73.989723,40.747219,-73.974098,40.738281,3733,3634
814465199,814465199,3685,-73.982162,40.746071,-73.969696,40.753193,3733,3734
2079179535,2079179535,3698,-73.966225,40.753784,-73.956772,40.784233,3734,3934
800096026,800096026,3706,-73.948624,40.784939,-73.978378,40.790829,3935,3934
1013637502,1013637502,3709,-73.966545,40.794147,-73.977577,40.784275,3934,3934
234698220,234698220,3713,-74.001152,40.727680,-73.984337,40.728809,3633,3633
1686776158,1686776158,3718,-73.973724,40.779404,-73.956581,40.780071,3834,3934
1830618228,1830618228,3718,-73.982567,40.757061,-73.993286,40.741661,3733,3733
1706214723,1706214723,3719,-74.007759,40.705612,-73.989723,40.718891,3533,3533
1263006329,1263006329,3725,-73.994141,40.751152,-73.996643,40.680237,3733,3433
648435035,648435035,3727,-74.006950,40.707043,-73.947624,40.784409,3533,3935
1534164679,1534164679,3733,-73.939026,40.752251,-73.935913,40.754387,3735,3735
1921564239,1921564239,3735,-73.951012,40.779083,-73.978806,40.737000,3834,3634
2014748875,2014748875,3742,-73.980675,40.747776,-73.986740,40.739704,3733,3633
1491732048,1491732048,3745,-73.978760,40.752014,-73.974289,40.744083,3734,3734
1250076549,1250076549,3765,-73.955254,40.768726,-73.966713,40.757256,3834,3734
1329558824,1329558824,3773,-73.935242,40.800549,-73.947769,40.809841,4035,4035
889938605,889938605,3777,-73.961281,40.774540,-73.889221,40.852360,3834,4237
963948086,963948086,3784,-73.983177,40.766159,-73.931023,40.857460,3833,4235
1402061450,1402061450,3786,-74.008118,40.723721,-73.934769,40.801010,3633,4035
1325360816,1325360816,3788,-73.966911,40.766560,-73.938927,40.791031,3834,3935
1252272986,1252272986,3791,-74.004875,40.706875,-73.975967,40.748688,3533,3734
526743348,526743348,3802,-73.964333,40.802448,-73.920471,40.830223,4034,4135
1181069585,1181069585,3804,-73.980537,40.767448,-73.985291,40.744297,3833,3733
85633365,85633365,3818,-73.961288,40.771309,-73.975723,40.791199,3834,3934
460312196,460312196,3818,-73.970802,40.758205,-73.970772,40.748688,3734,3734
888397752,888397752,3818,-73.948746,40.823891,-73.952988,40.810799,4135,4034
442172117,442172117,3820,-74.000542,40.747643,-73.981422,40.724770,3733,3633
374304386,374304386,3836,-73.999710,40.717991,-73.979988,40.754784,3533,3734
1186772558,1186772558,3847,-73.947746,40.779068,-73.987122,40.747143,3835,3733
1412697515,1412697515,3847,-73.956589,40.720905,-73.954926,40.686535,3634,3434
1544713888,1544713888,3848,-73.974709,40.736126,-73.987701,40.721416,3634,3633
1934207280,1934207280,3856,-73.988121,40.745125,-73.988892,40.748112,3733,3733
517354601,517354601,3862,-73.969727,40.789963,-73.946320,40.780407,3934,3935
1566913474,1566913474,3871,-73.957260,40.814350,-73.950172,40.806431,4034,4034
826669495,826669495,3884,-73.968193,40.770733,-73.992775,40.761848,3834,3833
70277174,70277174,3886,-73.972740,40.785427,-73.951630,40.814507,3934,4034
375086186,375086186,3887,-73.994057,40.720242,-73.983139,40.730427,3633,3633
676720137,676720137,3888,-73.987099,40.722305,-74.000664,40.728500,3633,3633
1565343571,1565343571,3889,-73.989021,40.741215,-73.978416,40.736736,3733,3634
1911746273,1911746273,3890,-73.951668,40.777802,-73.860992,40.855221,3834,4237
1126165430,1126165430,3893,-73.966202,40.805042,-73.953644,40.773640,4034,3834
1420740440,1420740440,3902,-73.986145,40.718060,-73.996529,40.727131,3533,3633
1339971010,1339971010,3908,-74.006508,40.733749,-73.965134,40.791122,3633,3934
1563715862,1563715862,3908,-73.951965,40.787125,-73.934631,40.802292,3934,4035
680336485,680336485,3909,-73.932159,40.707207,-73.922371,40.698788,3535,3435
1947609978,1947609978,3930,-73.953461,40.799492,-73.958923,40.690456,3934,3434
435445435,435445435,3931,-73.977684,40.725983,-73.988411,40.723152,3634,3633
960435497,960435497,3933,-73.960594,40.769974,-73.943748,40.776672,3834,3835
1094630403,1094630403,3937,-73.967049,40.756935,-73.988091,40.734657,3734,3633
1486976153,1486976153,3938,-73.982285,40.745831,-73.971725,40.762848,3733,3834
1788479407,1788479407,3941,-73.944946,40.779114,-73.904778,40.758110,3835,3736
650062360,650062360,3949,-73.996574,40.757889,-73.986359,40.747581,3733,3733
884907330,884907330,3956,-74.001587,40.683277,-74.007919,40.746372,3433,3733
455332921,455332921,3958,-73.953087,40.771900,-73.988945,40.763618,3834,3833
723321611,723321611,3959,-73.983391,40.659859,-73.826202,40.843819,3233,4239
1338809501,1338809501,3962,-73.987099,40.721001,-73.974747,40.729599,3633,3634
598256075,598256075,3963,-73.957985,40.713833,-73.959518,40.719913,3534,3534
86531185,86531185,3977,-73.978867,40.777252,-73.986725,40.776890,3834,3833
440218363,440218363,3983,-73.995567,40.741608,-73.976280,40.780888,3733,3934
1034685345,1034685345,3983,-73.985100,40.752918,-74.005325,40.706364,3733,3533
452474676,452474676,3994,-74.000648,40.737289,-74.004227,40.747608,3633,3733
2091832045,2091832045,4000,-73.944061,40.720314,-73.949936,40.676327,3635,3335
157631682,157631682,4014,-73.982079,40.740311,-73.978302,40.745602,3733,3734
833828843,833828843,4014,-73.987137,40.750595,-73.980026,40.782215,3733,3933
659122185,659122185,4016,-73.959518,40.814217,-73.961006,40.813747,4034,4034
2011516104,2011516104,4020,-73.978470,40.745056,-73.937378,40.818375,3734,4035
1334106355,1334106355,4027,-73.982010,40.745613,-73.947212,40.718094,3733,3535
659363998,659363998,4042,-73.979111,40.782337,-73.980095,40.765774,3934,3833
890302375,890302375,4053,-73.999290,40.744110,-73.902710,40.870430,3733,4336
1188308970,1188308970,4057,-73.979309,40.737236,-73.990761,40.734013,3634,3633
1832401157,1832401157,4058,-73.993134,40.722549,-73.969864,40.790497,3633,3934
1983120418,1983120418,4058,-73.971924,40.762154,-73.971672,40.756199,3834,3734
1381173461,1381173461,4069,-73.980438,40.775215,-73.979691,40.781250,3833,3934
1926842103,1926842103,4070,-74.003113,40.744221,-73.961182,40.769009,3733,3834
1320175610,1320175610,4080,-73.972023,40.765511,-73.972389,40.750237,3834,3734
156957461,156957461,4094,-73.990425,40.741943,-73.842171,40.790794,3733,3938
887450406,887450406,4095,-73.984947,40.750252,-73.981987,40.740452,3733,3733
2144724084,2144724084,4097,-73.947617,40.783527,-73.857613,40.746346,3935,3738
363149738,363149738,4099,-73.967041,40.804001,-73.941437,40.851372,4034,4235
1637684267,1637684267,4103,-73.984177,40.729153,-73.956886,40.763378,3633,3834
2009682351,2009682351,4105,-73.983330,40.730770,-73.986610,40.732948,3633,3633
1790727492,1790727492,4108,-73.961426,40.769558,-73.998940,40.731667,3834,3633
451476897,451476897,4109,-73.980698,40.738670,-74.010002,40.704689,3633,3532
2023292321,2023292321,4111,-73.981010,40.781826,-73.971611,40.750618,3933,3734
743416310,743416310,4113,-73.995575,40.754776,-74.003616,40.743439,3733,3733
433076845,433076845,4114,-73.994926,40.752838,-73.981667,40.756519,3733,3733
949644517,949644517,4119,-73.955978,40.778793,-73.965744,40.753704,3834,3734
1540166879,1540166879,4125,-73.980263,40.738731,-73.977257,40.673580,3633,3334
1713596930,1713596930,4128,-74.008362,40.729691,-73.991821,40.764751,3633,3833
977971698,977971698,4133,-74.004341,40.734169,-73.964943,40.758263,3633,3734
1863315273,1863315273,4142,-73.928871,40.707691,-73.956963,40.734943,3535,3634
521241665,521241665,4146,-73.981003,40.747662,-73.978317,40.787373,3733,3934
1255141328,1255141328,4152,-73.967468,40.756321,-73.979622,40.749550,3734,3734
1707088542,1707088542,4162,-74.007256,40.748684,-73.996552,40.752632,3733,3733
1416658987,1416658987,4181,-73.956482,40.771294,-73.890114,40.748100,3834,3736
2005461257,2005461257,4191,-73.956619,40.771473,-73.984970,40.776581,3834,3833
674013652,674013652,4198,-73.987793,40.744015,-73.987480,40.732883,3733,3633
2058285595,2058285595,4208,-74.017197,40.704849,-74.004349,40.707500,3532,3533
1710687204,1710687204,4227,-73.980728,40.729851,-74.001472,40.741772,3633,3733
960539152,960539152,4230,-73.979309,40.755806,-73.992294,40.759224,3734,3733
1779073095,1779073095,4231,-73.942329,40.837688,-73.862747,40.846531,4135,4237
897320560,897320560,4239,-73.965660,40.765678,-73.981255,40.734032,3834,3633
891617670,891617670,4240,-73.964172,40.771030,-73.953056,40.776150,3834,3834
67631905,67631905,4244,-73.994286,40.719631,-73.988342,40.727329,3533,3633
384474884,384474884,4244,-73.990456,40.740086,-73.975822,40.732620,3733,3634
1908082596,1908082596,4251,-73.948738,40.786167,-73.994263,40.755905,3935,3733
2144638281,2144638281,4272,-73.963486,40.768528,-73.969521,40.757580,3834,3734
433318521,433318521,4282,-73.983818,40.743790,-73.980789,40.747009,3733,3733
1108687415,1108687415,4289,-73.971298,40.794640,-73.954674,40.780991,3934,3934
515795265,515795265,4298,-73.944824,40.834408,-73.905998,40.861599,4135,4336
741237301,741237301,4302,-73.984932,40.728210,-73.949760,40.718300,3633,3535
2009423158,2009423158,4309,-73.948692,40.717613,-74.003197,40.739002,3535,3633
681130512,681130512,4323,-73.970169,40.763954,-73.969795,40.752182,3834,3734
1043860107,1043860107,4337,-73.899010,40.826031,-73.875473,40.829079,4136,4137
751317112,751317112,4338,-73.990257,40.751465,-73.977982,40.745628,3733,3734
1248897851,1248897851,4342,-73.963249,40.766102,-73.988220,40.727951,3834,3633
718550735,718550735,4351,-73.959808,40.773750,-73.971344,40.756279,3834,3734
1182191356,1182191356,4353,-73.981728,40.778404,-73.945366,40.775352,3833,3835
228546082,228546082,4355,-74.006470,40.733047,-74.002998,40.749454,3633,3733
750453356,750453356,4356,-73.923950,40.864296,-73.930840,40.850368,4335,4235
1406937515,1406937515,4379,-73.983475,40.744186,-73.970726,40.749012,3733,3734
455385104,455385104,4383,-73.971550,40.762020,-73.944756,40.649193,3834,3235
1416084539,1416084539,4396,-73.953552,40.775349,-73.963448,40.775230,3834,3834
1330857747,1330857747,4413,-73.987793,40.743912,-73.974083,40.754066,3733,3734
821261218,821261218,4415,-73.947388,40.805336,-73.968536,40.758808,4035,3734
1398668239,1398668239,4421,-73.975121,40.736000,-73.985649,40.762703,3634,3833
464824756,464824756,4423,-73.981361,40.758259,-73.914131,40.764874,3733,3836
1267951822,1267951822,4435,-73.988884,40.769203,-73.939545,40.805340,3833,4035
816798434,816798434,4437,-73.992760,40.737228,-73.953758,40.677181,3633,3334
77716619,77716619,4445,-73.953102,40.780251,-73.946518,40.780830,3934,3935
745233308,745233308,4459,-73.948097,40.774517,-73.982246,40.777245,3835,3833
71335329,71335329,4464,-73.988190,40.748215,-73.984871,40.725834,3733,3633
1187032440,1187032440,4468,-73.997330,40.735111,-73.979622,40.749298,3633,3734
61113345,61113345,4478,-74.005089,40.748341,-73.978630,40.764317,3733,3834
1035979383,1035979383,4483,-73.955391,40.772720,-73.981804,40.739998,3834,3633
670120261,670120261,4485,-73.995560,40.764778,-74.002586,40.708626,3833,3533
1794429597,1794429597,4495,-73.987511,40.765442,-74.445732,40.494949,3833,2418
2003997449,2003997449,4503,-73.992653,40.768719,-74.041374,40.729954,3833,3631
743831565,743831565,4507,-73.997231,40.716721,-73.971169,40.797421,3533,3934
972245239,972245239,4511,-73.951408,40.778511,-73.968987,40.760990,3834,3834
2008089357,2008089357,4514,-73.982437,40.767490,-73.985275,40.747166,3833,3733
880498432,880498432,4518,-73.985512,40.746952,-74.019989,40.649700,3733,3232
1701608073,1701608073,4523,-74.004150,40.725399,-73.999619,40.733471,3633,3633
2065633186,2065633186,4524,-73.981804,40.779556,-74.017250,40.710976,3833,3532
376258401,376258401,4549,-73.974792,40.761993,-73.976753,40.748539,3834,3734
807443485,807443485,4560,-73.968147,40.801434,-73.948784,40.773590,4034,3835
1776136171,1776136171,4561,-74.007973,40.714626,-73.962036,40.712372,3533,3534
579030368,579030368,4574,-73.963387,40.761871,-74.007225,40.715988,3834,3533
583682034,583682034,4596,-73.988892,40.750450,-73.996025,40.753712,3733,3733
1110538734,1110538734,4596,-73.973076,40.678143,-73.988220,40.688316,3334,3433
1546198125,1546198125,4597,-73.980217,40.783749,-73.957161,40.774132,3933,3834
1921691084,1921691084,4602,-73.958374,40.774796,-73.974747,40.790470,3834,3934
452405766,452405766,4603,-73.954193,40.770309,-73.988289,40.748440,3834,3733
362529389,362529389,4620,-74.030792,40.624229,-74.007347,40.648769,3132,3233
881274646,881274646,4634,-73.976624,40.752907,-73.944366,40.708576,3734,3535
1127396526,1127396526,4643,-74.003632,40.784061,-74.003632,40.784061,3933,3933
370832735,370832735,4649,-73.983047,40.677223,-73.964844,40.683487,3333,3434
827169327,827169327,4650,-73.970207,40.789333,-73.921486,40.761337,3934,3835
1336515424,1336515424,4662,-73.971924,40.781990,-73.962265,40.772171,3934,3834
150592,150592,4665,-73.965782,40.688099,-73.944801,40.683121,3434,3435
531117309,531117309,4666,-73.982208,40.776588,-73.976677,40.788010,3833,3934
1561331017,1561331017,4667,-73.919594,40.771717,-73.953217,40.786968,3836,3934
1103582779,1103582779,4671,-74.007896,40.714939,-73.958916,40.763813,3533,3834
1918816726,1918816726,4674,-74.011551,40.708958,-73.907356,40.694908,3532,3436
958773719,958773719,4677,-73.898834,40.847153,-73.910309,40.832954,4236,4136
155953138,155953138,4682,-73.966270,40.773472,-73.966393,40.754051,3834,3734
1407280587,1407280587,4684,-73.987221,40.720379,-74.007202,40.705212,3633,3533
1622109613,1622109613,4702,-73.930092,40.756199,-73.946022,40.777317,3735,3835
375706305,375706305,4706,-73.984589,40.747143,-73.992310,40.749359,3733,3733
2005824363,2005824363,4714,-73.985390,40.747108,-73.978111,40.752441,3733,3734
955938530,955938530,4721,-73.967812,40.755890,-73.981125,40.753376,3734,3733
975877794,975877794,4727,-73.984909,40.728119,-73.957802,40.785149,3633,3934
450785031,450785031,4738,-73.959419,40.774170,-73.999908,40.761524,3834,3833
519458551,519458551,4740,-73.971130,40.751087,-74.007874,40.738167,3734,3633
2054778403,2054778403,4763,-73.984261,40.764713,-73.996384,40.753162,3833,3733
1190470294,1190470294,4767,-73.947311,40.780231,-73.950714,40.774139,3935,3834
743691920,743691920,4768,-74.008224,40.738087,-74.003586,40.722488,3633,3633
156665477,156665477,4774,-73.976768,40.751926,-73.951042,40.770782,3734,3834
1923921623,1923921623,4794,-73.956413,40.685600,-73.962540,40.681702,3434,3434
217162277,217162277,4799,-73.993088,40.741241,-73.973785,40.743233,3733,3734
83368810,83368810,4805,-73.976906,40.764698,-73.954803,40.769573,3834,3834
1108307407,1108307407,4811,-73.961739,40.764221,-73.957146,40.688297,3834,3434
818229097,818229097,4813,-73.989006,40.743225,-73.959526,40.771103,3733,3834
1028872915,1028872915,4817,-73.984451,40.737087,-73.994171,40.746273,3633,3733
1250036560,1250036560,4821,-73.978333,40.741573,-73.993484,40.749954,3734,3733
1485641819,1485641819,4846,-73.977585,40.763680,-73.968658,40.764351,3834,3834
1247293627,1247293627,4847,-73.965942,40.790047,-73.943321,40.786938,3934,3935
1184784609,1184784609,4852,-73.975517,40.792049,-73.964813,40.792801,3934,3934
1347731880,1347731880,4852,-73.984779,40.715454,-73.980286,40.764172,3533,3833
1858768005,1858768005,4858,-74.011688,40.704834,-73.976860,40.764179,3532,3834
54990240,54990240,4885,-73.977570,40.749458,-73.984779,40.748348,3734,3733
1706249050,1706249050,4889,-73.988350,40.688370,-73.979156,40.729038,3433,3634
2001036634,2001036634,4914,-73.969276,40.756123,-73.957436,40.771751,3734,3834
899621044,899621044,4915,-73.971085,40.757545,-73.967316,40.760658,3734,3834
802706975,802706975,4917,-73.978767,40.782413,-73.994392,40.750767,3934,3733
2002006761,2002006761,4918,-73.974014,40.679398,-73.984047,40.688206,3334,3433
92004,92004,4928,-73.995430,40.764961,-73.951500,40.759460,3833,3734
1456269740,1456269740,4934,-74.003410,40.743740,-74.001122,40.737461,3733,3633
2147092602,2147092602,4935,-73.969238,40.749352,-73.947258,40.772598,3734,3835
2069737910,2069737910,4936,-73.987411,40.720211,-73.812614,40.981007,3633,4939
1317928176,1317928176,4937,-73.912300,40.744217,-73.811813,40.704281,3736,3539
2083048489,2083048489,4937,-74.005074,40.721752,-74.040581,40.729870,3633,3631
1779469480,1779469480,4955,-73.979492,40.683254,-73.950508,40.706898,3434,3534
2146660410,2146660410,4955,-73.976646,40.775455,-73.996170,40.754219,3834,3733
941864748,941864748,4964,-73.976448,40.751728,-73.990898,40.755928,3734,3733
535027699,535027699,4978,-73.923622,40.757999,-73.963150,40.654320,3735,3234
1912578646,1912578646,4980,-73.951096,40.776787,-73.952362,40.781128,3834,3934
1026969983,1026969983,4982,-73.981934,40.776402,-73.980736,40.787624,3833,3933
1858768393,1858768393,4994,-73.986038,40.710796,-74.012360,40.704166,3533,3532
1245682945,1245682945,5008,-73.989922,40.748562,-73.978508,40.720219,3733,3634
2085553458,2085553458,5017,-73.980888,40.747730,-73.991020,40.733444,3733,3633
1624093725,1624093725,5018,-73.952637,40.776627,-73.986732,40.766438,3834,3833
1260673016,1260673016,5021,-73.980286,40.783813,-73.985405,40.778484,3933,3833
359832781,359832781,5029,-73.972290,40.749863,-73.987007,40.729397,3734,3633
1336618692,1336618692,5036,-73.990112,40.767162,-73.947273,40.774296,3833,3835
537223514,537223514,5040,-73.993546,40.724606,-73.968864,40.787521,3633,3934
791500841,791500841,5043,-73.995796,40.759029,-73.989120,40.768269,3733,3833
151565198,151565198,5046,-73.991867,40.746731,-73.997658,40.756664,3733,3733
446857843,446857843,5059,-73.948860,40.693893,-73.943352,40.674862,3435,3335
71905669,71905669,5064,-73.961441,40.714291,-73.974579,40.671150,3534,3334
1396460919,1396460919,5085,-73.993134,40.767792,-74.005661,40.711048,3833,3533
815757708,815757708,5086,-73.962097,40.763653,-73.965027,40.759544,3834,3734
952708551,952708551,5098,-73.946335,40.777508,-73.976273,40.786068,3835,3934
1017736248,1017736248,5101,-74.016052,40.710968,-73.997231,40.765877,3532,3833
1784000903,1784000903,5108,-73.956955,40.734943,-73.945976,40.711372,3634,3535
142866124,142866124,5119,-73.977524,40.753220,-74.013901,40.709541,3734,3532
76710333,76710333,5122,-73.944862,40.794277,-73.916702,40.841717,3935,4236
723063419,723063419,5124,-73.987885,40.718613,-73.960075,40.709103,3533,3534
383001889,383001889,5133,-73.983566,40.734356,-73.984100,40.733643,3633,3633
74635628,74635628,5138,-73.949287,40.781052,-73.947403,40.802814,3935,4035
806875153,806875153,5151,-73.979584,40.684921,-73.986748,40.732315,3434,3633
1851523512,1851523512,5151,-73.900955,40.777065,-73.908867,40.779194,3836,3836
1705172944,1705172944,5160,-73.972092,40.765457,-73.913857,40.773602,3834,3836
1842616691,1842616691,5160,-73.997482,40.736553,-73.956505,40.747715,3633,3734
936138549,936138549,5166,-73.984512,40.671211,-73.941399,40.677029,3333,3335
1416572783,1416572783,5174,-73.973923,40.789150,-73.940376,40.807339,3934,4035
368911337,368911337,5183,-73.949524,40.781017,-73.998596,40.739998,3935,3633
78734698,78734698,5197,-73.939713,40.801170,-73.924133,40.807232,4035,4035
1845796494,1845796494,5204,-73.961143,40.756649,-73.946671,40.779949,3734,3835
70657971,70657971,5219,-73.994629,40.740318,-73.966743,40.804028,3733,4034
1720248953,1720248953,5222,-74.007393,40.715405,-73.995644,40.729076,3533,3633
2003525054,2003525054,5246,-73.991173,40.717365,-73.978058,40.713322,3533,3534
289527152,289527152,5254,-73.979790,40.755260,-73.884850,40.751801,3734,3737
1699275025,1699275025,5271,-73.987221,40.725368,-73.948097,40.706841,3633,3535
1178040340,1178040340,5274,-73.959419,40.762749,-73.948647,40.775730,3834,3835
986645462,986645462,5275,-73.984993,40.747723,-73.986816,40.729580,3733,3633
827192936,827192936,5280,-73.986343,40.719433,-73.982216,40.727703,3533,3633
1404970397,1404970397,5280,-73.998543,40.745129,-73.950600,40.783009,3733,3934
293108350,293108350,5282,-74.017181,40.705322,-73.978951,40.787437,3532,3934
523505745,523505745,5289,-73.968048,40.802132,-73.976486,40.745201,4034,3734
1433756591,1433756591,5289,-73.980797,40.744705,-73.955322,40.771778,3733,3834
442293724,442293724,5296,-73.968834,40.769947,-73.988617,40.745525,3834,3733
1472677421,1472677421,5296,-73.965599,40.771919,-73.949722,40.780380,3834,3935
76367391,76367391,5308,-73.988121,40.732101,-73.988739,40.748531,3633,3733
1909830940,1909830940,5311,-73.991364,40.749187,-73.905106,40.851284,3733,4236
1166300322,1166300322,5313,-73.983681,40.743938,-73.998810,40.725700,3733,3633
1396340497,1396340497,5314,-73.990730,40.751236,-73.983421,40.726406,3733,3633
311610713,311610713,5317,-73.981888,40.749191,-73.979927,40.722496,3733,3634
1252237751,1252237751,5319,-74.010124,40.704788,-74.010933,40.704987,3532,3532
499318566,499318566,5331,-73.974869,40.686459,-73.939430,40.706268,3434,3535
1997287895,1997287895,5345,-73.989777,40.729576,-74.003326,40.742680,3633,3733
1405332599,1405332599,5347,-73.997009,40.742332,-73.974754,40.756767,3733,3734
1187910316,1187910316,5351,-73.980400,40.783646,-74.004585,40.707230,3933,3533
897872128,897872128,5368,-73.992500,40.724556,-73.970230,40.689678,3633,3434
1855795828,1855795828,5382,-73.992744,40.768311,-73.994812,40.750137,3833,3733
214311917,214311917,5388,-73.954521,40.781120,-73.976570,40.750172,3934,3734
1786179565,1786179565,5394,-73.969574,40.753479,-73.994637,40.760113,3734,3833
2142579389,2142579389,5403,-73.997726,40.736092,-73.992119,40.749275,3633,3733
506062448,506062448,5407,-73.998161,40.745316,-73.988968,40.737492,3733,3633
1708024873,1708024873,5409,-73.969810,40.759655,-73.972206,40.793987,3734,3934
602252125,602252125,5415,-73.975700,40.789360,-73.988640,40.778320,3934,3833
1927325150,1927325150,5423,-73.916946,40.837261,-73.916946,40.837261,4136,4136
1105416538,1105416538,5425,-73.994049,40.751247,-73.968758,40.791210,3733,3934
1560294859,1560294859,5430,-74.005974,40.733776,-73.997955,40.745178,3633,3733
905066233,905066233,5441,-73.960777,40.775879,-73.994255,40.746346,3834,3733
371383379,371383379,5450,-73.944229,40.802265,-73.951729,40.803799,4035,4034
1908894569,1908894569,5460,-73.981216,40.725052,-73.904129,40.681290,3633,3436
1907835756,1907835756,5462,-73.922913,40.771290,-73.866112,40.743172,3835,3737
2080609674,2080609674,5463,-73.967735,40.755848,-73.806602,40.789410,3734,3939
2092263541,2092263541,5467,-73.984383,40.728970,-73.951073,40.774460,3633,3834
1040182141,1040182141,5470,-73.981094,40.753391,-73.993973,40.726982,3733,3633
966850845,966850845,5480,-74.006798,40.739418,-73.983070,40.730553,3633,3633
2001663162,2001663162,5480,-74.015648,40.646381,-73.991920,40.725819,3232,3633
894383311,894383311,5489,-73.955765,40.776165,-73.978966,40.740410,3834,3734
445771700,445771700,5498,-73.961464,40.768269,-73.954155,40.767109,3834,3834
749919210,749919210,5498,-73.984024,40.746475,-73.948608,40.777863,3733,3835
1786403303,1786403303,5519,-73.945641,40.746208,-73.920143,40.765621,3735,3835
1343328213,1343328213,5526,-73.971840,40.786945,-73.980080,40.785645,3934,3933
1328713259,1328713259,5548,-73.998947,40.760941,-73.983017,40.749458,3833,3733
1106405693,1106405693,5563,-73.982178,40.778065,-73.999840,40.719105,3833,3533
295925995,295925995,5565,-74.010231,40.709183,-73.993530,40.727356,3532,3633
436429681,436429681,5575,-73.986267,40.718090,-73.986473,40.733051,3533,3633
216145151,216145151,5577,-73.978745,40.777447,-73.966049,40.794907,3834,3934
156107333,156107333,5595,-74.006691,40.744148,-73.929443,40.706017,3733,3535
85894037,85894037,5602,-73.966919,40.765079,-73.957710,40.779419,3834,3834
1714165564,1714165564,5603,-73.948936,40.777386,-73.973442,40.792320,3835,3934
1024353940,1024353940,5621,-73.981071,40.721142,-73.999626,40.728661,3633,3633
885925400,885925400,5628,-73.948204,40.774872,-73.962761,40.811531,3835,4034
451422406,451422406,5642,-74.003670,40.758900,-73.991501,40.750050,3733,3733
1327591447,1327591447,5647,-73.983490,40.743908,-73.984276,40.744415,3733,3733
2144120772,2144120772,5648,-73.967400,40.756336,-73.975311,40.752068,3734,3734
2000327955,2000327955,5656,-73.994888,40.750221,-74.001373,40.735889,3733,3633
2007987569,2007987569,5661,-73.991058,40.745361,-73.958923,40.763279,3733,3834
438354251,438354251,5666,-73.985184,40.763920,-73.974190,40.753731,3833,3734
1274644748,1274644748,5674,-73.994759,40.720627,-73.952080,40.713097,3633,3534
1611215245,1611215245,5678,-73.974586,40.755985,-73.995850,40.744282,3734,3733
1049431642,1049431642,5681,-73.985947,40.717903,-73.934616,40.704723,3533,3535
432536585,432536585,5683,-73.994019,40.717911,-73.961243,40.797699,3533,3934
716923025,716923025,5707,-73.981812,40.746445,-73.948776,40.773842,3733,3835
58382007,58382007,5711,-73.989563,40.743980,-73.978668,40.765751,3733,3834
1331950079,1331950079,5725,-73.978180,40.786057,-73.959808,40.815350,3934,4034
901179854,901179854,5728,-73.984283,40.728848,-73.954872,40.769257,3633,3834
1486269836,1486269836,5728,-73.981239,40.750141,-74.003174,40.733086,3733,3633
1925163168,1925163168,5728,-73.938263,40.687675,-73.939896,40.696400,3435,3435
1257993032,1257993032,5736,-73.971657,40.795021,-73.985687,40.767181,3934,3833
742433513,742433513,5738,-74.007172,40.728619,-73.975471,40.760769,3633,3834
1119422065,1119422065,5739,-73.935173,40.698250,-73.935417,40.697929,3435,3435
1338171566,1338171566,5741,-73.919128,40.661499,-74.004044,40.634171,3336,3133
660456331,660456331,5744,-73.981621,40.746140,-73.949638,40.781979,3733,3935
1779487828,1779487828,5756,-73.989822,40.735302,-73.989822,40.735302,3633,3633
1844881945,1844881945,5759,-73.980179,40.714100,-73.958420,40.768948,3533,3834
94539659,94539659,5762,-74.003723,40.738800,-73.987320,40.760834,3633,3833
74392513,74392513,5772,-73.986145,40.687511,-73.988213,40.732845,3433,3633
1399572602,1399572602,5772,-73.978210,40.759708,-74.005280,40.740990,3734,3733
1916328521,1916328521,5778,-73.988823,40.744461,-73.988388,40.765030,3733,3833
750418382,750418382,5781,-73.973045,40.750351,-73.980736,40.757755,3734,3733
906865143,906865143,5781,-73.950638,40.779392,-73.988251,40.770061,3834,3833
1628726916,1628726916,5796,-73.955589,40.779339,-73.959648,40.762848,3834,3834
729963695,729963695,5798,-73.964195,40.756493,-73.958138,40.760761,3734,3834
1714819581,1714819581,5802,-74.010483,40.709198,-74.006424,40.739521,3532,3633
508689846,508689846,5804,-73.986374,40.751846,-73.972672,40.756573,3733,3734
1264254480,1264254480,5825,-74.006676,40.731190,-73.960701,40.769852,3633,3834
136209231,136209231,5827,-73.957275,40.720169,-73.994614,40.721348,3634,3633
83988624,83988624,5845,-73.951820,40.769325,-73.949837,40.785496,3834,3935
727196879,727196879,5851,-73.988617,40.670368,-74.034180,40.618237,3333,3032
448290381,448290381,5856,-73.973740,40.678867,-74.005463,40.709183,3334,3533
1988209850,1988209850,5856,-74.008057,40.712036,-73.994713,40.757732,3533,3733
1777917521,1777917521,5861,-73.967300,40.756233,-73.981430,40.773598,3734,3833
1029252921,1029252921,5863,-73.983566,40.746929,-73.951088,40.774670,3733,3834
10382636,10382636,5871,-73.995544,40.767872,-73.982071,40.739403,3833,3633
810192359,810192359,5875,-73.987167,40.733269,-73.972855,40.755470,3633,3734
293626291,293626291,5885,-73.943619,40.680096,-73.972580,40.681969,3435,3434
949678579,949678579,5893,-73.990387,40.756241,-73.990181,40.756714,3733,3733
151185056,151185056,5900,-73.987633,40.732803,-73.980537,40.742455,3633,3733
299639852,299639852,5900,-73.925644,40.702969,-73.931709,40.706364,3535,3535
142073103,142073103,5910,-73.855797,40.702721,-73.837402,40.696693,3538,3438
588125517,588125517,5910,-73.978737,40.736584,-73.940727,40.690384,3634,3435
1549100917,1549100917,5910,-73.981010,40.738068,-73.983086,40.726711,3633,3633
1631119269,1631119269,5913,-73.995354,40.749496,-73.977325,40.754402,3733,3734
818632889,818632889,5918,-73.857269,40.876060,-73.862907,40.816963,4338,4037
360230213,360230213,5934,-73.976387,40.785789,-73.962029,40.796429,3934,3934
2087370581,2087370581,5938,-73.975685,40.758202,-73.873283,40.774319,3734,3837
213276555,213276555,5949,-73.999489,40.759018,-74.181679,40.696617,3733,3427
812458132,812458132,5985,-73.955643,40.781895,-74.015579,40.709942,3934,3532
1343915321,1343915321,5986,-73.964523,40.797001,-73.938652,40.791592,3934,3935
433875494,433875494,5995,-73.992104,40.735561,-73.981369,40.741249,3633,3733
2076982794,2076982794,6017,-74.003250,40.732838,-73.980049,40.759781,3633,3733
1034247394,1034247394,6024,-74.003273,40.731667,-73.985672,40.717960,3633,3533
1938911561,1938911561,6027,-73.952522,40.772465,-73.978531,40.789310,3834,3934
1334836108,1334836108,6029,-73.984940,40.767780,-73.992599,40.748142,3833,3733
1792181502,1792181502,6047,-73.949783,40.722229,-73.949509,40.714649,3635,3535
1477156177,1477156177,6067,-73.942551,40.721321,-73.947365,40.709114,3635,3535
376518289,376518289,6073,-73.963829,40.798107,-73.972557,40.787418,3934,3934
1478293930,1478293930,6074,-73.978874,40.753246,-73.911102,40.761887,3734,3836
1171296063,1171296063,6093,-74.001610,40.735909,-73.990860,40.736702,3633,3633
816642814,816642814,6104,-73.992363,40.769211,-73.985931,40.692169,3833,3433
1190659633,1190659633,6110,-73.978455,40.713463,-73.970268,40.757153,3534,3734
879665141,879665141,6114,-73.948784,40.777779,-73.942467,40.786282,3835,3935
1412054080,1412054080,6116,-73.923073,40.706646,-73.943100,40.722851,3535,3635
1704891409,1704891409,6125,-74.006676,40.744183,-73.922241,40.847424,3733,4235
2143257667,2143257667,6131,-74.006477,40.744389,-73.960876,40.807041,3733,4034
2001105109,2001105109,6134,-73.983215,40.756222,-73.985756,40.751736,3733,3733
451734038,451734038,6137,-73.947060,40.796581,-73.936989,40.810612,3935,4035
1993774416,1993774416,6143,-74.005287,40.706631,-73.954803,40.765404,3533,3834
947015758,947015758,6145,-73.972923,40.752857,-73.810066,40.818336,3734,4039
2140002635,2140002635,6153,-73.989136,40.720169,-73.993477,40.730740,3633,3633
1187342637,1187342637,6182,-73.965843,40.800461,-73.969421,40.751968,4034,3734
1914683655,1914683655,6205,-74.004181,40.751904,-73.991737,40.754631,3733,3733
979230407,979230407,6206,-73.981796,40.685783,-73.957344,40.777985,3433,3834
1945326915,1945326915,6206,-73.982841,40.738789,-73.958076,40.773041,3633,3834
964949228,964949228,6207,-73.997025,40.714813,-73.940956,40.683273,3533,3435
1188394379,1188394379,6210,-73.957443,40.672272,-73.941467,40.676929,3334,3335
1041992423,1041992423,6220,-74.004555,40.707054,-73.943726,40.707279,3533,3535
1677784712,1677784712,6233,-73.984932,40.742138,-73.979073,40.745358,3733,3734
519945627,519945627,6243,-73.988693,40.727188,-74.004639,40.739780,3633,3633
956525110,956525110,6248,-73.984001,40.738457,-73.996094,40.746120,3633,3733
1017839474,1017839474,6257,-73.981522,40.728909,-73.990150,40.712681,3633,3533
439304865,439304865,6259,-73.979630,40.713852,-73.994781,40.719704,3534,3533
1547290117,1547290117,6296,-74.005043,40.741352,-73.983971,40.764835,3733,3833
1330771549,1330771549,6298,-73.998154,40.726246,-73.989906,40.729404,3633,3633
961735242,961735242,6303,-73.913101,40.774380,-73.918808,40.765896,3836,3836
299145912,299145912,6310,-73.930145,40.756218,-73.917107,40.741661,3735,3736
160867628,160867628,6311,-73.975441,40.745293,-73.985466,40.746628,3734,3733
893780223,893780223,6319,-73.982048,40.740799,-74.003418,40.736279,3733,3633
443397425,443397425,6320,-73.949051,40.797184,-73.942482,40.786263,3935,3935
1540529080,1540529080,6323,-74.008736,40.738312,-74.003540,40.732075,3633,3633
744260954,744260954,6324,-73.973991,40.750523,-73.968842,40.758911,3734,3734
1611139490,1611139490,6343,-74.007408,40.741943,-73.947250,40.783810,3733,3935
537793329,537793329,6349,-73.994720,40.746235,-73.991837,40.722218,3733,3633
758646490,758646490,6352,-73.980057,40.780975,-73.957726,40.782486,3933,3934
2072485957,2072485957,6357,-73.980438,40.721760,-73.919884,40.743153,3633,3736
1462996199,1462996199,6361,-73.995201,40.754814,-73.980026,40.739101,3733,3633
1647229280,1647229280,6370,-73.973969,40.791271,-73.915421,40.764751,3934,3836
2009803899,2009803899,6370,-73.949623,40.802261,-73.860985,40.833847,4035,4137
1916626172,1916626172,6375,-73.962280,40.759247,-73.920723,40.743237,3734,3735
1639569379,1639569379,6379,-73.979729,40.746262,-73.988914,40.726948,3734,3633
370850028,370850028,6380,-73.978737,40.777588,-73.959557,40.763496,3834,3834
1111039822,1111039822,6391,-73.992424,40.755157,-73.979134,40.692535,3733,3434
1334352883,1334352883,6399,-73.984528,40.686905,-73.900215,40.699398,3433,3436
1322849138,1322849138,6405,-73.954636,40.775841,-73.974297,40.744232,3834,3734
871145566,871145566,6427,-73.928391,40.758347,-73.932121,40.770470,3735,3835
522436711,522436711,6428,-73.967941,40.679996,-73.948334,40.678268,3334,3335
87829706,87829706,6439,-73.973778,40.759918,-73.982178,40.776680,3734,3833
1331536585,1331536585,6462,-73.966949,40.757126,-73.980568,40.744991,3734,3733
2005169002,2005169002,6463,-73.989647,40.717056,-73.998489,40.713692,3533,3533
1495898918,1495898918,6465,-73.985374,40.736156,-73.986832,40.735870,3633,3633
372676549,372676549,6467,-73.955879,40.693321,-73.938438,40.691399,3434,3435
524092154,524092154,6468,-73.984039,40.743153,-73.978401,40.751045,3733,3734
1641922044,1641922044,6470,-73.925125,40.743748,-73.883224,40.748543,3735,3737
1718713627,1718713627,6470,-73.983231,40.776512,-73.941849,40.804207,3833,4035
1265255395,1265255395,6472,-73.978951,40.777325,-73.930000,40.856632,3834,4235
2081317288,2081317288,6479,-73.986252,40.740273,-73.991417,40.727280,3733,3633
1325793616,1325793616,6483,-73.985672,40.723122,-73.962906,40.758282,3633,3734
362614807,362614807,6493,-73.953819,40.775208,-73.955009,40.783100,3834,3934
1922623749,1922623749,6493,-73.992271,40.738724,-73.989197,40.723049,3633,3633
1859285302,1859285302,6495,-73.955978,40.694019,-73.936928,40.691570,3434,3435
378841472,378841472,6496,-73.934013,40.766491,-73.920639,40.762932,3835,3835
1180409215,1180409215,6499,-73.943001,40.705898,-73.955727,40.714218,3535,3534
735597506,735597506,6508,-73.978317,40.753906,-73.954292,40.778992,3734,3834
1198565927,1198565927,6509,-74.005981,40.705963,-74.011398,40.713562,3533,3532
747912230,747912230,6510,-73.971909,40.794430,-73.967400,40.798279,3934,3934
140616988,140616988,6513,-73.915001,40.760357,-73.901825,40.751038,3836,3736
750143558,750143558,6517,-73.981277,40.763298,-73.946198,40.773922,3833,3835
382899448,382899448,6520,-73.985069,40.742050,-73.984337,40.742599,3733,3733
878560878,878560878,6526,-73.977585,40.751472,-74.179756,40.688519,3734,3427
373975074,373975074,6528,-73.972542,40.752819,-73.981606,40.758572,3734,3733
1623058355,1623058355,6540,-74.005859,40.725822,-73.909920,40.821087,3633,4136
1600439687,1600439687,6546,-73.951157,40.778618,-73.951874,40.824326,3834,4134
